Y12,Y-full,64,2048,0.60848,0.393043,/media/ludusmagnus/b3008e59-6246-4c41-a0ce-b9090b4d8f99/data_trans/nom_Y12_train_64_F_2048.csv,/media/ludusmagnus/b3008e59-6246-4c41-a0ce-b9090b4d8f99/data_trans/abn_Y12_train_64_F_2048.csv
Y12,K001CSV,64,2048,0.693916,0.442866,/media/ludusmagnus/b3008e59-6246-4c41-a0ce-b9090b4d8f99/data_trans/nom_Y12_train_64_F_2048.csv,/media/ludusmagnus/b3008e59-6246-4c41-a0ce-b9090b4d8f99/data_trans/abn_Y12_train_64_F_2048.csv
Y12,K002CSV,64,2048,0.697765,0.424921,/media/ludusmagnus/b3008e59-6246-4c41-a0ce-b9090b4d8f99/data_trans/nom_Y12_train_64_F_2048.csv,/media/ludusmagnus/b3008e59-6246-4c41-a0ce-b9090b4d8f99/data_trans/abn_Y12_train_64_F_2048.csv
Y12,K003CSV,64,2048,0.676535,0.411152,/media/ludusmagnus/b3008e59-6246-4c41-a0ce-b9090b4d8f99/data_trans/nom_Y12_train_64_F_2048.csv,/media/ludusmagnus/b3008e59-6246-4c41-a0ce-b9090b4d8f99/data_trans/abn_Y12_train_64_F_2048.csv
Y12,K004CSV,64,2048,0.670629,0.453445,/media/ludusmagnus/b3008e59-6246-4c41-a0ce-b9090b4d8f99/data_trans/nom_Y12_train_64_F_2048.csv,/media/ludusmagnus/b3008e59-6246-4c41-a0ce-b9090b4d8f99/data_trans/abn_Y12_train_64_F_2048.csv
Y12,K005CSV,64,2048,0.652079,0.446091,/media/ludusmagnus/b3008e59-6246-4c41-a0ce-b9090b4d8f99/data_trans/nom_Y12_train_64_F_2048.csv,/media/ludusmagnus/b3008e59-6246-4c41-a0ce-b9090b4d8f99/data_trans/abn_Y12_train_64_F_2048.csv
Y12,K006CSV,64,2048,0.74943,0.465084,/media/ludusmagnus/b3008e59-6246-4c41-a0ce-b9090b4d8f99/data_trans/nom_Y12_train_64_F_2048.csv,/media/ludusmagnus/b3008e59-6246-4c41-a0ce-b9090b4d8f99/data_trans/abn_Y12_train_64_F_2048.csv
Y12,KA04CSV,64,2048,0.691025,0.435019,/media/ludusmagnus/b3008e59-6246-4c41-a0ce-b9090b4d8f99/data_trans/nom_Y12_train_64_F_2048.csv,/media/ludusmagnus/b3008e59-6246-4c41-a0ce-b9090b4d8f99/data_trans/abn_Y12_train_64_F_2048.csv
Y12,KA15CSV,64,2048,0.596051,0.408434,/media/ludusmagnus/b3008e59-6246-4c41-a0ce-b9090b4d8f99/data_trans/nom_Y12_train_64_F_2048.csv,/media/ludusmagnus/b3008e59-6246-4c41-a0ce-b9090b4d8f99/data_trans/abn_Y12_train_64_F_2048.csv
Y12,KA22CSV,64,2048,0.639267,0.459405,/media/ludusmagnus/b3008e59-6246-4c41-a0ce-b9090b4d8f99/data_trans/nom_Y12_train_64_F_2048.csv,/media/ludusmagnus/b3008e59-6246-4c41-a0ce-b9090b4d8f99/data_trans/abn_Y12_train_64_F_2048.csv
Y12,KA30CSV,64,2048,0.593008,0.385919,/media/ludusmagnus/b3008e59-6246-4c41-a0ce-b9090b4d8f99/data_trans/nom_Y12_train_64_F_2048.csv,/media/ludusmagnus/b3008e59-6246-4c41-a0ce-b9090b4d8f99/data_trans/abn_Y12_train_64_F_2048.csv
Y12,KB23CSV,64,2048,0.619757,0.395064,/media/ludusmagnus/b3008e59-6246-4c41-a0ce-b9090b4d8f99/data_trans/nom_Y12_train_64_F_2048.csv,/media/ludusmagnus/b3008e59-6246-4c41-a0ce-b9090b4d8f99/data_trans/abn_Y12_train_64_F_2048.csv
Y12,KB24CSV,64,2048,0.618293,0.429894,/media/ludusmagnus/b3008e59-6246-4c41-a0ce-b9090b4d8f99/data_trans/nom_Y12_train_64_F_2048.csv,/media/ludusmagnus/b3008e59-6246-4c41-a0ce-b9090b4d8f99/data_trans/abn_Y12_train_64_F_2048.csv
Y12,KB27CSV,64,2048,0.653088,0.431926,/media/ludusmagnus/b3008e59-6246-4c41-a0ce-b9090b4d8f99/data_trans/nom_Y12_train_64_F_2048.csv,/media/ludusmagnus/b3008e59-6246-4c41-a0ce-b9090b4d8f99/data_trans/abn_Y12_train_64_F_2048.csv
Y12,KI04CSV,64,2048,0.602521,0.400529,/media/ludusmagnus/b3008e59-6246-4c41-a0ce-b9090b4d8f99/data_trans/nom_Y12_train_64_F_2048.csv,/media/ludusmagnus/b3008e59-6246-4c41-a0ce-b9090b4d8f99/data_trans/abn_Y12_train_64_F_2048.csv
Y12,KI14CSV,64,2048,0.562928,0.388939,/media/ludusmagnus/b3008e59-6246-4c41-a0ce-b9090b4d8f99/data_trans/nom_Y12_train_64_F_2048.csv,/media/ludusmagnus/b3008e59-6246-4c41-a0ce-b9090b4d8f99/data_trans/abn_Y12_train_64_F_2048.csv
Y12,KI16CSV,64,2048,0.644841,0.408132,/media/ludusmagnus/b3008e59-6246-4c41-a0ce-b9090b4d8f99/data_trans/nom_Y12_train_64_F_2048.csv,/media/ludusmagnus/b3008e59-6246-4c41-a0ce-b9090b4d8f99/data_trans/abn_Y12_train_64_F_2048.csv
Y12,KI17CSV,64,2048,0.638416,0.444594,/media/ludusmagnus/b3008e59-6246-4c41-a0ce-b9090b4d8f99/data_trans/nom_Y12_train_64_F_2048.csv,/media/ludusmagnus/b3008e59-6246-4c41-a0ce-b9090b4d8f99/data_trans/abn_Y12_train_64_F_2048.csv
Y12,KI18CSV,64,2048,0.639295,0.395172,/media/ludusmagnus/b3008e59-6246-4c41-a0ce-b9090b4d8f99/data_trans/nom_Y12_train_64_F_2048.csv,/media/ludusmagnus/b3008e59-6246-4c41-a0ce-b9090b4d8f99/data_trans/abn_Y12_train_64_F_2048.csv
Y12,KI21CSV,64,2048,0.768294,0.467201,/media/ludusmagnus/b3008e59-6246-4c41-a0ce-b9090b4d8f99/data_trans/nom_Y12_train_64_F_2048.csv,/media/ludusmagnus/b3008e59-6246-4c41-a0ce-b9090b4d8f99/data_trans/abn_Y12_train_64_F_2048.csv
Y12,Y-full,4096,32,0.618049,0.3925,/media/ludusmagnus/b3008e59-6246-4c41-a0ce-b9090b4d8f99/data_trans/nom_Y12_train_4096_F_32.csv,/media/ludusmagnus/b3008e59-6246-4c41-a0ce-b9090b4d8f99/data_trans/abn_Y12_train_4096_F_32.csv
Y12,K001CSV,4096,32,0.783116,0.48348,/media/ludusmagnus/b3008e59-6246-4c41-a0ce-b9090b4d8f99/data_trans/nom_Y12_train_4096_F_32.csv,/media/ludusmagnus/b3008e59-6246-4c41-a0ce-b9090b4d8f99/data_trans/abn_Y12_train_4096_F_32.csv
Y12,K002CSV,4096,32,0.777856,0.470871,/media/ludusmagnus/b3008e59-6246-4c41-a0ce-b9090b4d8f99/data_trans/nom_Y12_train_4096_F_32.csv,/media/ludusmagnus/b3008e59-6246-4c41-a0ce-b9090b4d8f99/data_trans/abn_Y12_train_4096_F_32.csv
Y12,K003CSV,4096,32,0.762201,0.478504,/media/ludusmagnus/b3008e59-6246-4c41-a0ce-b9090b4d8f99/data_trans/nom_Y12_train_4096_F_32.csv,/media/ludusmagnus/b3008e59-6246-4c41-a0ce-b9090b4d8f99/data_trans/abn_Y12_train_4096_F_32.csv
Y12,K004CSV,4096,32,0.885698,0.621427,/media/ludusmagnus/b3008e59-6246-4c41-a0ce-b9090b4d8f99/data_trans/nom_Y12_train_4096_F_32.csv,/media/ludusmagnus/b3008e59-6246-4c41-a0ce-b9090b4d8f99/data_trans/abn_Y12_train_4096_F_32.csv
Y12,K005CSV,4096,32,0.891967,0.692133,/media/ludusmagnus/b3008e59-6246-4c41-a0ce-b9090b4d8f99/data_trans/nom_Y12_train_4096_F_32.csv,/media/ludusmagnus/b3008e59-6246-4c41-a0ce-b9090b4d8f99/data_trans/abn_Y12_train_4096_F_32.csv
Y12,K006CSV,4096,32,0.790405,0.489538,/media/ludusmagnus/b3008e59-6246-4c41-a0ce-b9090b4d8f99/data_trans/nom_Y12_train_4096_F_32.csv,/media/ludusmagnus/b3008e59-6246-4c41-a0ce-b9090b4d8f99/data_trans/abn_Y12_train_4096_F_32.csv
Y12,KA04CSV,4096,32,0.887706,0.644016,/media/ludusmagnus/b3008e59-6246-4c41-a0ce-b9090b4d8f99/data_trans/nom_Y12_train_4096_F_32.csv,/media/ludusmagnus/b3008e59-6246-4c41-a0ce-b9090b4d8f99/data_trans/abn_Y12_train_4096_F_32.csv
Y12,KA15CSV,4096,32,0.626749,0.393479,/media/ludusmagnus/b3008e59-6246-4c41-a0ce-b9090b4d8f99/data_trans/nom_Y12_train_4096_F_32.csv,/media/ludusmagnus/b3008e59-6246-4c41-a0ce-b9090b4d8f99/data_trans/abn_Y12_train_4096_F_32.csv
Y12,KA22CSV,4096,32,0.701919,0.466644,/media/ludusmagnus/b3008e59-6246-4c41-a0ce-b9090b4d8f99/data_trans/nom_Y12_train_4096_F_32.csv,/media/ludusmagnus/b3008e59-6246-4c41-a0ce-b9090b4d8f99/data_trans/abn_Y12_train_4096_F_32.csv
Y12,KA30CSV,4096,32,0.848225,0.561311,/media/ludusmagnus/b3008e59-6246-4c41-a0ce-b9090b4d8f99/data_trans/nom_Y12_train_4096_F_32.csv,/media/ludusmagnus/b3008e59-6246-4c41-a0ce-b9090b4d8f99/data_trans/abn_Y12_train_4096_F_32.csv
Y12,KB23CSV,4096,32,0.815577,0.549862,/media/ludusmagnus/b3008e59-6246-4c41-a0ce-b9090b4d8f99/data_trans/nom_Y12_train_4096_F_32.csv,/media/ludusmagnus/b3008e59-6246-4c41-a0ce-b9090b4d8f99/data_trans/abn_Y12_train_4096_F_32.csv
Y12,KB24CSV,4096,32,0.630499,0.422029,/media/ludusmagnus/b3008e59-6246-4c41-a0ce-b9090b4d8f99/data_trans/nom_Y12_train_4096_F_32.csv,/media/ludusmagnus/b3008e59-6246-4c41-a0ce-b9090b4d8f99/data_trans/abn_Y12_train_4096_F_32.csv
Y12,KB27CSV,4096,32,0.677796,0.431641,/media/ludusmagnus/b3008e59-6246-4c41-a0ce-b9090b4d8f99/data_trans/nom_Y12_train_4096_F_32.csv,/media/ludusmagnus/b3008e59-6246-4c41-a0ce-b9090b4d8f99/data_trans/abn_Y12_train_4096_F_32.csv
Y12,KI04CSV,4096,32,0.869136,0.57567,/media/ludusmagnus/b3008e59-6246-4c41-a0ce-b9090b4d8f99/data_trans/nom_Y12_train_4096_F_32.csv,/media/ludusmagnus/b3008e59-6246-4c41-a0ce-b9090b4d8f99/data_trans/abn_Y12_train_4096_F_32.csv
Y12,KI14CSV,4096,32,0.583811,0.408022,/media/ludusmagnus/b3008e59-6246-4c41-a0ce-b9090b4d8f99/data_trans/nom_Y12_train_4096_F_32.csv,/media/ludusmagnus/b3008e59-6246-4c41-a0ce-b9090b4d8f99/data_trans/abn_Y12_train_4096_F_32.csv
Y12,KI16CSV,4096,32,0.618221,0.420931,/media/ludusmagnus/b3008e59-6246-4c41-a0ce-b9090b4d8f99/data_trans/nom_Y12_train_4096_F_32.csv,/media/ludusmagnus/b3008e59-6246-4c41-a0ce-b9090b4d8f99/data_trans/abn_Y12_train_4096_F_32.csv
Y12,KI17CSV,4096,32,0.851325,0.545443,/media/ludusmagnus/b3008e59-6246-4c41-a0ce-b9090b4d8f99/data_trans/nom_Y12_train_4096_F_32.csv,/media/ludusmagnus/b3008e59-6246-4c41-a0ce-b9090b4d8f99/data_trans/abn_Y12_train_4096_F_32.csv
Y12,KI18CSV,4096,32,0.676839,0.438506,/media/ludusmagnus/b3008e59-6246-4c41-a0ce-b9090b4d8f99/data_trans/nom_Y12_train_4096_F_32.csv,/media/ludusmagnus/b3008e59-6246-4c41-a0ce-b9090b4d8f99/data_trans/abn_Y12_train_4096_F_32.csv
Y12,KI21CSV,4096,32,0.760854,0.461422,/media/ludusmagnus/b3008e59-6246-4c41-a0ce-b9090b4d8f99/data_trans/nom_Y12_train_4096_F_32.csv,/media/ludusmagnus/b3008e59-6246-4c41-a0ce-b9090b4d8f99/data_trans/abn_Y12_train_4096_F_32.csv
Y12,Y-full,1024,64,0.591336,0.389148,/media/ludusmagnus/b3008e59-6246-4c41-a0ce-b9090b4d8f99/data_trans/nom_Y12_train_1024_F_64.csv,/media/ludusmagnus/b3008e59-6246-4c41-a0ce-b9090b4d8f99/data_trans/abn_Y12_train_1024_F_64.csv
Y12,K001CSV,1024,64,0.742977,0.473126,/media/ludusmagnus/b3008e59-6246-4c41-a0ce-b9090b4d8f99/data_trans/nom_Y12_train_1024_F_64.csv,/media/ludusmagnus/b3008e59-6246-4c41-a0ce-b9090b4d8f99/data_trans/abn_Y12_train_1024_F_64.csv
Y12,K002CSV,1024,64,0.792796,0.498025,/media/ludusmagnus/b3008e59-6246-4c41-a0ce-b9090b4d8f99/data_trans/nom_Y12_train_1024_F_64.csv,/media/ludusmagnus/b3008e59-6246-4c41-a0ce-b9090b4d8f99/data_trans/abn_Y12_train_1024_F_64.csv
Y12,K003CSV,1024,64,0.739337,0.473174,/media/ludusmagnus/b3008e59-6246-4c41-a0ce-b9090b4d8f99/data_trans/nom_Y12_train_1024_F_64.csv,/media/ludusmagnus/b3008e59-6246-4c41-a0ce-b9090b4d8f99/data_trans/abn_Y12_train_1024_F_64.csv
Y12,K004CSV,1024,64,0.810447,0.557691,/media/ludusmagnus/b3008e59-6246-4c41-a0ce-b9090b4d8f99/data_trans/nom_Y12_train_1024_F_64.csv,/media/ludusmagnus/b3008e59-6246-4c41-a0ce-b9090b4d8f99/data_trans/abn_Y12_train_1024_F_64.csv
Y12,K005CSV,1024,64,0.826678,0.567351,/media/ludusmagnus/b3008e59-6246-4c41-a0ce-b9090b4d8f99/data_trans/nom_Y12_train_1024_F_64.csv,/media/ludusmagnus/b3008e59-6246-4c41-a0ce-b9090b4d8f99/data_trans/abn_Y12_train_1024_F_64.csv
Y12,K006CSV,1024,64,0.846362,0.496329,/media/ludusmagnus/b3008e59-6246-4c41-a0ce-b9090b4d8f99/data_trans/nom_Y12_train_1024_F_64.csv,/media/ludusmagnus/b3008e59-6246-4c41-a0ce-b9090b4d8f99/data_trans/abn_Y12_train_1024_F_64.csv
Y12,KA04CSV,1024,64,0.783402,0.492023,/media/ludusmagnus/b3008e59-6246-4c41-a0ce-b9090b4d8f99/data_trans/nom_Y12_train_1024_F_64.csv,/media/ludusmagnus/b3008e59-6246-4c41-a0ce-b9090b4d8f99/data_trans/abn_Y12_train_1024_F_64.csv
Y12,KA15CSV,1024,64,0.650864,0.422281,/media/ludusmagnus/b3008e59-6246-4c41-a0ce-b9090b4d8f99/data_trans/nom_Y12_train_1024_F_64.csv,/media/ludusmagnus/b3008e59-6246-4c41-a0ce-b9090b4d8f99/data_trans/abn_Y12_train_1024_F_64.csv
Y12,KA22CSV,1024,64,0.680091,0.436174,/media/ludusmagnus/b3008e59-6246-4c41-a0ce-b9090b4d8f99/data_trans/nom_Y12_train_1024_F_64.csv,/media/ludusmagnus/b3008e59-6246-4c41-a0ce-b9090b4d8f99/data_trans/abn_Y12_train_1024_F_64.csv
Y12,KA30CSV,1024,64,0.766822,0.483207,/media/ludusmagnus/b3008e59-6246-4c41-a0ce-b9090b4d8f99/data_trans/nom_Y12_train_1024_F_64.csv,/media/ludusmagnus/b3008e59-6246-4c41-a0ce-b9090b4d8f99/data_trans/abn_Y12_train_1024_F_64.csv
Y12,KB23CSV,1024,64,0.733178,0.469932,/media/ludusmagnus/b3008e59-6246-4c41-a0ce-b9090b4d8f99/data_trans/nom_Y12_train_1024_F_64.csv,/media/ludusmagnus/b3008e59-6246-4c41-a0ce-b9090b4d8f99/data_trans/abn_Y12_train_1024_F_64.csv
Y12,KB24CSV,1024,64,0.635563,0.406299,/media/ludusmagnus/b3008e59-6246-4c41-a0ce-b9090b4d8f99/data_trans/nom_Y12_train_1024_F_64.csv,/media/ludusmagnus/b3008e59-6246-4c41-a0ce-b9090b4d8f99/data_trans/abn_Y12_train_1024_F_64.csv
Y12,KB27CSV,1024,64,0.655132,0.431113,/media/ludusmagnus/b3008e59-6246-4c41-a0ce-b9090b4d8f99/data_trans/nom_Y12_train_1024_F_64.csv,/media/ludusmagnus/b3008e59-6246-4c41-a0ce-b9090b4d8f99/data_trans/abn_Y12_train_1024_F_64.csv
Y12,KI04CSV,1024,64,0.780135,0.503932,/media/ludusmagnus/b3008e59-6246-4c41-a0ce-b9090b4d8f99/data_trans/nom_Y12_train_1024_F_64.csv,/media/ludusmagnus/b3008e59-6246-4c41-a0ce-b9090b4d8f99/data_trans/abn_Y12_train_1024_F_64.csv
Y12,KI14CSV,1024,64,0.57775,0.422144,/media/ludusmagnus/b3008e59-6246-4c41-a0ce-b9090b4d8f99/data_trans/nom_Y12_train_1024_F_64.csv,/media/ludusmagnus/b3008e59-6246-4c41-a0ce-b9090b4d8f99/data_trans/abn_Y12_train_1024_F_64.csv
Y12,KI16CSV,1024,64,0.615012,0.388042,/media/ludusmagnus/b3008e59-6246-4c41-a0ce-b9090b4d8f99/data_trans/nom_Y12_train_1024_F_64.csv,/media/ludusmagnus/b3008e59-6246-4c41-a0ce-b9090b4d8f99/data_trans/abn_Y12_train_1024_F_64.csv
Y12,KI17CSV,1024,64,0.778935,0.48538,/media/ludusmagnus/b3008e59-6246-4c41-a0ce-b9090b4d8f99/data_trans/nom_Y12_train_1024_F_64.csv,/media/ludusmagnus/b3008e59-6246-4c41-a0ce-b9090b4d8f99/data_trans/abn_Y12_train_1024_F_64.csv
Y12,KI18CSV,1024,64,0.659878,0.43699,/media/ludusmagnus/b3008e59-6246-4c41-a0ce-b9090b4d8f99/data_trans/nom_Y12_train_1024_F_64.csv,/media/ludusmagnus/b3008e59-6246-4c41-a0ce-b9090b4d8f99/data_trans/abn_Y12_train_1024_F_64.csv
Y12,KI21CSV,1024,64,0.874715,0.644809,/media/ludusmagnus/b3008e59-6246-4c41-a0ce-b9090b4d8f99/data_trans/nom_Y12_train_1024_F_64.csv,/media/ludusmagnus/b3008e59-6246-4c41-a0ce-b9090b4d8f99/data_trans/abn_Y12_train_1024_F_64.csv
Y12,Y-full,2048,32,0.60364,0.389269,/media/ludusmagnus/b3008e59-6246-4c41-a0ce-b9090b4d8f99/data_trans/nom_Y12_train_2048_F_32.csv,/media/ludusmagnus/b3008e59-6246-4c41-a0ce-b9090b4d8f99/data_trans/abn_Y12_train_2048_F_32.csv
Y12,K001CSV,2048,32,0.774663,0.49018,/media/ludusmagnus/b3008e59-6246-4c41-a0ce-b9090b4d8f99/data_trans/nom_Y12_train_2048_F_32.csv,/media/ludusmagnus/b3008e59-6246-4c41-a0ce-b9090b4d8f99/data_trans/abn_Y12_train_2048_F_32.csv
Y12,K002CSV,2048,32,0.814633,0.500808,/media/ludusmagnus/b3008e59-6246-4c41-a0ce-b9090b4d8f99/data_trans/nom_Y12_train_2048_F_32.csv,/media/ludusmagnus/b3008e59-6246-4c41-a0ce-b9090b4d8f99/data_trans/abn_Y12_train_2048_F_32.csv
Y12,K003CSV,2048,32,0.741067,0.463054,/media/ludusmagnus/b3008e59-6246-4c41-a0ce-b9090b4d8f99/data_trans/nom_Y12_train_2048_F_32.csv,/media/ludusmagnus/b3008e59-6246-4c41-a0ce-b9090b4d8f99/data_trans/abn_Y12_train_2048_F_32.csv
Y12,K004CSV,2048,32,0.879206,0.700425,/media/ludusmagnus/b3008e59-6246-4c41-a0ce-b9090b4d8f99/data_trans/nom_Y12_train_2048_F_32.csv,/media/ludusmagnus/b3008e59-6246-4c41-a0ce-b9090b4d8f99/data_trans/abn_Y12_train_2048_F_32.csv
Y12,K005CSV,2048,32,0.886039,0.670326,/media/ludusmagnus/b3008e59-6246-4c41-a0ce-b9090b4d8f99/data_trans/nom_Y12_train_2048_F_32.csv,/media/ludusmagnus/b3008e59-6246-4c41-a0ce-b9090b4d8f99/data_trans/abn_Y12_train_2048_F_32.csv
Y12,K006CSV,2048,32,0.824506,0.592916,/media/ludusmagnus/b3008e59-6246-4c41-a0ce-b9090b4d8f99/data_trans/nom_Y12_train_2048_F_32.csv,/media/ludusmagnus/b3008e59-6246-4c41-a0ce-b9090b4d8f99/data_trans/abn_Y12_train_2048_F_32.csv
Y12,KA04CSV,2048,32,0.850934,0.618725,/media/ludusmagnus/b3008e59-6246-4c41-a0ce-b9090b4d8f99/data_trans/nom_Y12_train_2048_F_32.csv,/media/ludusmagnus/b3008e59-6246-4c41-a0ce-b9090b4d8f99/data_trans/abn_Y12_train_2048_F_32.csv
Y12,KA15CSV,2048,32,0.624844,0.408947,/media/ludusmagnus/b3008e59-6246-4c41-a0ce-b9090b4d8f99/data_trans/nom_Y12_train_2048_F_32.csv,/media/ludusmagnus/b3008e59-6246-4c41-a0ce-b9090b4d8f99/data_trans/abn_Y12_train_2048_F_32.csv
Y12,KA22CSV,2048,32,0.657713,0.444584,/media/ludusmagnus/b3008e59-6246-4c41-a0ce-b9090b4d8f99/data_trans/nom_Y12_train_2048_F_32.csv,/media/ludusmagnus/b3008e59-6246-4c41-a0ce-b9090b4d8f99/data_trans/abn_Y12_train_2048_F_32.csv
Y12,KA30CSV,2048,32,0.818154,0.51789,/media/ludusmagnus/b3008e59-6246-4c41-a0ce-b9090b4d8f99/data_trans/nom_Y12_train_2048_F_32.csv,/media/ludusmagnus/b3008e59-6246-4c41-a0ce-b9090b4d8f99/data_trans/abn_Y12_train_2048_F_32.csv
Y12,KB23CSV,2048,32,0.776433,0.497992,/media/ludusmagnus/b3008e59-6246-4c41-a0ce-b9090b4d8f99/data_trans/nom_Y12_train_2048_F_32.csv,/media/ludusmagnus/b3008e59-6246-4c41-a0ce-b9090b4d8f99/data_trans/abn_Y12_train_2048_F_32.csv
Y12,KB24CSV,2048,32,0.625476,0.411193,/media/ludusmagnus/b3008e59-6246-4c41-a0ce-b9090b4d8f99/data_trans/nom_Y12_train_2048_F_32.csv,/media/ludusmagnus/b3008e59-6246-4c41-a0ce-b9090b4d8f99/data_trans/abn_Y12_train_2048_F_32.csv
Y12,KB27CSV,2048,32,0.657417,0.425673,/media/ludusmagnus/b3008e59-6246-4c41-a0ce-b9090b4d8f99/data_trans/nom_Y12_train_2048_F_32.csv,/media/ludusmagnus/b3008e59-6246-4c41-a0ce-b9090b4d8f99/data_trans/abn_Y12_train_2048_F_32.csv
Y12,KI04CSV,2048,32,0.830316,0.541415,/media/ludusmagnus/b3008e59-6246-4c41-a0ce-b9090b4d8f99/data_trans/nom_Y12_train_2048_F_32.csv,/media/ludusmagnus/b3008e59-6246-4c41-a0ce-b9090b4d8f99/data_trans/abn_Y12_train_2048_F_32.csv
Y12,KI14CSV,2048,32,0.581239,0.418609,/media/ludusmagnus/b3008e59-6246-4c41-a0ce-b9090b4d8f99/data_trans/nom_Y12_train_2048_F_32.csv,/media/ludusmagnus/b3008e59-6246-4c41-a0ce-b9090b4d8f99/data_trans/abn_Y12_train_2048_F_32.csv
Y12,KI16CSV,2048,32,0.607892,0.412388,/media/ludusmagnus/b3008e59-6246-4c41-a0ce-b9090b4d8f99/data_trans/nom_Y12_train_2048_F_32.csv,/media/ludusmagnus/b3008e59-6246-4c41-a0ce-b9090b4d8f99/data_trans/abn_Y12_train_2048_F_32.csv
Y12,KI17CSV,2048,32,0.82815,0.568843,/media/ludusmagnus/b3008e59-6246-4c41-a0ce-b9090b4d8f99/data_trans/nom_Y12_train_2048_F_32.csv,/media/ludusmagnus/b3008e59-6246-4c41-a0ce-b9090b4d8f99/data_trans/abn_Y12_train_2048_F_32.csv
Y12,KI18CSV,2048,32,0.641833,0.430986,/media/ludusmagnus/b3008e59-6246-4c41-a0ce-b9090b4d8f99/data_trans/nom_Y12_train_2048_F_32.csv,/media/ludusmagnus/b3008e59-6246-4c41-a0ce-b9090b4d8f99/data_trans/abn_Y12_train_2048_F_32.csv
Y12,KI21CSV,2048,32,0.855533,0.520362,/media/ludusmagnus/b3008e59-6246-4c41-a0ce-b9090b4d8f99/data_trans/nom_Y12_train_2048_F_32.csv,/media/ludusmagnus/b3008e59-6246-4c41-a0ce-b9090b4d8f99/data_trans/abn_Y12_train_2048_F_32.csv
Y12,Y-full,2048,64,0.606065,0.426359,/media/ludusmagnus/b3008e59-6246-4c41-a0ce-b9090b4d8f99/data_trans/nom_Y12_train_2048_F_64.csv,/media/ludusmagnus/b3008e59-6246-4c41-a0ce-b9090b4d8f99/data_trans/abn_Y12_train_2048_F_64.csv
Y12,K001CSV,2048,64,0.678255,0.450259,/media/ludusmagnus/b3008e59-6246-4c41-a0ce-b9090b4d8f99/data_trans/nom_Y12_train_2048_F_64.csv,/media/ludusmagnus/b3008e59-6246-4c41-a0ce-b9090b4d8f99/data_trans/abn_Y12_train_2048_F_64.csv
Y12,K002CSV,2048,64,0.725868,0.444672,/media/ludusmagnus/b3008e59-6246-4c41-a0ce-b9090b4d8f99/data_trans/nom_Y12_train_2048_F_64.csv,/media/ludusmagnus/b3008e59-6246-4c41-a0ce-b9090b4d8f99/data_trans/abn_Y12_train_2048_F_64.csv
Y12,K003CSV,2048,64,0.684246,0.43221,/media/ludusmagnus/b3008e59-6246-4c41-a0ce-b9090b4d8f99/data_trans/nom_Y12_train_2048_F_64.csv,/media/ludusmagnus/b3008e59-6246-4c41-a0ce-b9090b4d8f99/data_trans/abn_Y12_train_2048_F_64.csv
Y12,K004CSV,2048,64,0.749442,0.480285,/media/ludusmagnus/b3008e59-6246-4c41-a0ce-b9090b4d8f99/data_trans/nom_Y12_train_2048_F_64.csv,/media/ludusmagnus/b3008e59-6246-4c41-a0ce-b9090b4d8f99/data_trans/abn_Y12_train_2048_F_64.csv
Y12,K005CSV,2048,64,0.830217,0.503608,/media/ludusmagnus/b3008e59-6246-4c41-a0ce-b9090b4d8f99/data_trans/nom_Y12_train_2048_F_64.csv,/media/ludusmagnus/b3008e59-6246-4c41-a0ce-b9090b4d8f99/data_trans/abn_Y12_train_2048_F_64.csv
Y12,K006CSV,2048,64,0.805047,0.472803,/media/ludusmagnus/b3008e59-6246-4c41-a0ce-b9090b4d8f99/data_trans/nom_Y12_train_2048_F_64.csv,/media/ludusmagnus/b3008e59-6246-4c41-a0ce-b9090b4d8f99/data_trans/abn_Y12_train_2048_F_64.csv
Y12,KA04CSV,2048,64,0.819907,0.492882,/media/ludusmagnus/b3008e59-6246-4c41-a0ce-b9090b4d8f99/data_trans/nom_Y12_train_2048_F_64.csv,/media/ludusmagnus/b3008e59-6246-4c41-a0ce-b9090b4d8f99/data_trans/abn_Y12_train_2048_F_64.csv
Y12,KA15CSV,2048,64,0.635494,0.424629,/media/ludusmagnus/b3008e59-6246-4c41-a0ce-b9090b4d8f99/data_trans/nom_Y12_train_2048_F_64.csv,/media/ludusmagnus/b3008e59-6246-4c41-a0ce-b9090b4d8f99/data_trans/abn_Y12_train_2048_F_64.csv
Y12,KA22CSV,2048,64,0.697279,0.446406,/media/ludusmagnus/b3008e59-6246-4c41-a0ce-b9090b4d8f99/data_trans/nom_Y12_train_2048_F_64.csv,/media/ludusmagnus/b3008e59-6246-4c41-a0ce-b9090b4d8f99/data_trans/abn_Y12_train_2048_F_64.csv
Y12,KA30CSV,2048,64,0.788169,0.499553,/media/ludusmagnus/b3008e59-6246-4c41-a0ce-b9090b4d8f99/data_trans/nom_Y12_train_2048_F_64.csv,/media/ludusmagnus/b3008e59-6246-4c41-a0ce-b9090b4d8f99/data_trans/abn_Y12_train_2048_F_64.csv
Y12,KB23CSV,2048,64,0.752532,0.491725,/media/ludusmagnus/b3008e59-6246-4c41-a0ce-b9090b4d8f99/data_trans/nom_Y12_train_2048_F_64.csv,/media/ludusmagnus/b3008e59-6246-4c41-a0ce-b9090b4d8f99/data_trans/abn_Y12_train_2048_F_64.csv
Y12,KB24CSV,2048,64,0.618896,0.421671,/media/ludusmagnus/b3008e59-6246-4c41-a0ce-b9090b4d8f99/data_trans/nom_Y12_train_2048_F_64.csv,/media/ludusmagnus/b3008e59-6246-4c41-a0ce-b9090b4d8f99/data_trans/abn_Y12_train_2048_F_64.csv
Y12,KB27CSV,2048,64,0.66715,0.419633,/media/ludusmagnus/b3008e59-6246-4c41-a0ce-b9090b4d8f99/data_trans/nom_Y12_train_2048_F_64.csv,/media/ludusmagnus/b3008e59-6246-4c41-a0ce-b9090b4d8f99/data_trans/abn_Y12_train_2048_F_64.csv
Y12,KI04CSV,2048,64,0.837963,0.569098,/media/ludusmagnus/b3008e59-6246-4c41-a0ce-b9090b4d8f99/data_trans/nom_Y12_train_2048_F_64.csv,/media/ludusmagnus/b3008e59-6246-4c41-a0ce-b9090b4d8f99/data_trans/abn_Y12_train_2048_F_64.csv
Y12,KI14CSV,2048,64,0.712576,0.469725,/media/ludusmagnus/b3008e59-6246-4c41-a0ce-b9090b4d8f99/data_trans/nom_Y12_train_2048_F_64.csv,/media/ludusmagnus/b3008e59-6246-4c41-a0ce-b9090b4d8f99/data_trans/abn_Y12_train_2048_F_64.csv
Y12,KI16CSV,2048,64,0.662091,0.427562,/media/ludusmagnus/b3008e59-6246-4c41-a0ce-b9090b4d8f99/data_trans/nom_Y12_train_2048_F_64.csv,/media/ludusmagnus/b3008e59-6246-4c41-a0ce-b9090b4d8f99/data_trans/abn_Y12_train_2048_F_64.csv
Y12,KI17CSV,2048,64,0.82888,0.499519,/media/ludusmagnus/b3008e59-6246-4c41-a0ce-b9090b4d8f99/data_trans/nom_Y12_train_2048_F_64.csv,/media/ludusmagnus/b3008e59-6246-4c41-a0ce-b9090b4d8f99/data_trans/abn_Y12_train_2048_F_64.csv
Y12,KI18CSV,2048,64,0.711279,0.454527,/media/ludusmagnus/b3008e59-6246-4c41-a0ce-b9090b4d8f99/data_trans/nom_Y12_train_2048_F_64.csv,/media/ludusmagnus/b3008e59-6246-4c41-a0ce-b9090b4d8f99/data_trans/abn_Y12_train_2048_F_64.csv
Y12,KI21CSV,2048,64,0.847634,0.503502,/media/ludusmagnus/b3008e59-6246-4c41-a0ce-b9090b4d8f99/data_trans/nom_Y12_train_2048_F_64.csv,/media/ludusmagnus/b3008e59-6246-4c41-a0ce-b9090b4d8f99/data_trans/abn_Y12_train_2048_F_64.csv
Y3,Y-full,64,2048,0.619041,0.426334,/media/ludusmagnus/b3008e59-6246-4c41-a0ce-b9090b4d8f99/data_trans/nom_Y3_train_64_F_2048.csv,/media/ludusmagnus/b3008e59-6246-4c41-a0ce-b9090b4d8f99/data_trans/abn_Y3_train_64_F_2048.csv
Y3,K001CSV,64,2048,0.845783,0.484827,/media/ludusmagnus/b3008e59-6246-4c41-a0ce-b9090b4d8f99/data_trans/nom_Y3_train_64_F_2048.csv,/media/ludusmagnus/b3008e59-6246-4c41-a0ce-b9090b4d8f99/data_trans/abn_Y3_train_64_F_2048.csv
Y3,K002CSV,64,2048,0.665307,0.441008,/media/ludusmagnus/b3008e59-6246-4c41-a0ce-b9090b4d8f99/data_trans/nom_Y3_train_64_F_2048.csv,/media/ludusmagnus/b3008e59-6246-4c41-a0ce-b9090b4d8f99/data_trans/abn_Y3_train_64_F_2048.csv
Y3,K003CSV,64,2048,0.687578,0.419308,/media/ludusmagnus/b3008e59-6246-4c41-a0ce-b9090b4d8f99/data_trans/nom_Y3_train_64_F_2048.csv,/media/ludusmagnus/b3008e59-6246-4c41-a0ce-b9090b4d8f99/data_trans/abn_Y3_train_64_F_2048.csv
Y3,K004CSV,64,2048,0.909751,0.641481,/media/ludusmagnus/b3008e59-6246-4c41-a0ce-b9090b4d8f99/data_trans/nom_Y3_train_64_F_2048.csv,/media/ludusmagnus/b3008e59-6246-4c41-a0ce-b9090b4d8f99/data_trans/abn_Y3_train_64_F_2048.csv
Y3,K005CSV,64,2048,0.702736,0.457918,/media/ludusmagnus/b3008e59-6246-4c41-a0ce-b9090b4d8f99/data_trans/nom_Y3_train_64_F_2048.csv,/media/ludusmagnus/b3008e59-6246-4c41-a0ce-b9090b4d8f99/data_trans/abn_Y3_train_64_F_2048.csv
Y3,K006CSV,64,2048,0.922355,0.70348,/media/ludusmagnus/b3008e59-6246-4c41-a0ce-b9090b4d8f99/data_trans/nom_Y3_train_64_F_2048.csv,/media/ludusmagnus/b3008e59-6246-4c41-a0ce-b9090b4d8f99/data_trans/abn_Y3_train_64_F_2048.csv
Y3,KA04CSV,64,2048,0.701377,0.456571,/media/ludusmagnus/b3008e59-6246-4c41-a0ce-b9090b4d8f99/data_trans/nom_Y3_train_64_F_2048.csv,/media/ludusmagnus/b3008e59-6246-4c41-a0ce-b9090b4d8f99/data_trans/abn_Y3_train_64_F_2048.csv
Y3,KA15CSV,64,2048,0.640494,0.426787,/media/ludusmagnus/b3008e59-6246-4c41-a0ce-b9090b4d8f99/data_trans/nom_Y3_train_64_F_2048.csv,/media/ludusmagnus/b3008e59-6246-4c41-a0ce-b9090b4d8f99/data_trans/abn_Y3_train_64_F_2048.csv
Y3,KA22CSV,64,2048,0.6207,0.427417,/media/ludusmagnus/b3008e59-6246-4c41-a0ce-b9090b4d8f99/data_trans/nom_Y3_train_64_F_2048.csv,/media/ludusmagnus/b3008e59-6246-4c41-a0ce-b9090b4d8f99/data_trans/abn_Y3_train_64_F_2048.csv
Y3,KA30CSV,64,2048,0.650132,0.462675,/media/ludusmagnus/b3008e59-6246-4c41-a0ce-b9090b4d8f99/data_trans/nom_Y3_train_64_F_2048.csv,/media/ludusmagnus/b3008e59-6246-4c41-a0ce-b9090b4d8f99/data_trans/abn_Y3_train_64_F_2048.csv
Y3,KB23CSV,64,2048,0.796216,0.49463,/media/ludusmagnus/b3008e59-6246-4c41-a0ce-b9090b4d8f99/data_trans/nom_Y3_train_64_F_2048.csv,/media/ludusmagnus/b3008e59-6246-4c41-a0ce-b9090b4d8f99/data_trans/abn_Y3_train_64_F_2048.csv
Y3,KB24CSV,64,2048,0.724487,0.486272,/media/ludusmagnus/b3008e59-6246-4c41-a0ce-b9090b4d8f99/data_trans/nom_Y3_train_64_F_2048.csv,/media/ludusmagnus/b3008e59-6246-4c41-a0ce-b9090b4d8f99/data_trans/abn_Y3_train_64_F_2048.csv
Y3,KB27CSV,64,2048,0.86033,0.61916,/media/ludusmagnus/b3008e59-6246-4c41-a0ce-b9090b4d8f99/data_trans/nom_Y3_train_64_F_2048.csv,/media/ludusmagnus/b3008e59-6246-4c41-a0ce-b9090b4d8f99/data_trans/abn_Y3_train_64_F_2048.csv
Y3,KI04CSV,64,2048,0.685872,0.452641,/media/ludusmagnus/b3008e59-6246-4c41-a0ce-b9090b4d8f99/data_trans/nom_Y3_train_64_F_2048.csv,/media/ludusmagnus/b3008e59-6246-4c41-a0ce-b9090b4d8f99/data_trans/abn_Y3_train_64_F_2048.csv
Y3,KI14CSV,64,2048,0.585714,0.370942,/media/ludusmagnus/b3008e59-6246-4c41-a0ce-b9090b4d8f99/data_trans/nom_Y3_train_64_F_2048.csv,/media/ludusmagnus/b3008e59-6246-4c41-a0ce-b9090b4d8f99/data_trans/abn_Y3_train_64_F_2048.csv
Y3,KI16CSV,64,2048,0.631242,0.424389,/media/ludusmagnus/b3008e59-6246-4c41-a0ce-b9090b4d8f99/data_trans/nom_Y3_train_64_F_2048.csv,/media/ludusmagnus/b3008e59-6246-4c41-a0ce-b9090b4d8f99/data_trans/abn_Y3_train_64_F_2048.csv
Y3,KI17CSV,64,2048,0.686147,0.478231,/media/ludusmagnus/b3008e59-6246-4c41-a0ce-b9090b4d8f99/data_trans/nom_Y3_train_64_F_2048.csv,/media/ludusmagnus/b3008e59-6246-4c41-a0ce-b9090b4d8f99/data_trans/abn_Y3_train_64_F_2048.csv
Y3,KI18CSV,64,2048,0.598453,0.392374,/media/ludusmagnus/b3008e59-6246-4c41-a0ce-b9090b4d8f99/data_trans/nom_Y3_train_64_F_2048.csv,/media/ludusmagnus/b3008e59-6246-4c41-a0ce-b9090b4d8f99/data_trans/abn_Y3_train_64_F_2048.csv
Y3,KI21CSV,64,2048,0.671275,0.441841,/media/ludusmagnus/b3008e59-6246-4c41-a0ce-b9090b4d8f99/data_trans/nom_Y3_train_64_F_2048.csv,/media/ludusmagnus/b3008e59-6246-4c41-a0ce-b9090b4d8f99/data_trans/abn_Y3_train_64_F_2048.csv
Y3,Y-full,4096,32,0.640167,0.422398,/media/ludusmagnus/b3008e59-6246-4c41-a0ce-b9090b4d8f99/data_trans/nom_Y3_train_4096_F_32.csv,/media/ludusmagnus/b3008e59-6246-4c41-a0ce-b9090b4d8f99/data_trans/abn_Y3_train_4096_F_32.csv
Y3,K001CSV,4096,32,0.863706,0.627412,/media/ludusmagnus/b3008e59-6246-4c41-a0ce-b9090b4d8f99/data_trans/nom_Y3_train_4096_F_32.csv,/media/ludusmagnus/b3008e59-6246-4c41-a0ce-b9090b4d8f99/data_trans/abn_Y3_train_4096_F_32.csv
Y3,K002CSV,4096,32,0.835368,0.486006,/media/ludusmagnus/b3008e59-6246-4c41-a0ce-b9090b4d8f99/data_trans/nom_Y3_train_4096_F_32.csv,/media/ludusmagnus/b3008e59-6246-4c41-a0ce-b9090b4d8f99/data_trans/abn_Y3_train_4096_F_32.csv
Y3,K003CSV,4096,32,0.842946,0.62345,/media/ludusmagnus/b3008e59-6246-4c41-a0ce-b9090b4d8f99/data_trans/nom_Y3_train_4096_F_32.csv,/media/ludusmagnus/b3008e59-6246-4c41-a0ce-b9090b4d8f99/data_trans/abn_Y3_train_4096_F_32.csv
Y3,K004CSV,4096,32,0.965884,0.826738,/media/ludusmagnus/b3008e59-6246-4c41-a0ce-b9090b4d8f99/data_trans/nom_Y3_train_4096_F_32.csv,/media/ludusmagnus/b3008e59-6246-4c41-a0ce-b9090b4d8f99/data_trans/abn_Y3_train_4096_F_32.csv
Y3,K005CSV,4096,32,0.933558,0.776608,/media/ludusmagnus/b3008e59-6246-4c41-a0ce-b9090b4d8f99/data_trans/nom_Y3_train_4096_F_32.csv,/media/ludusmagnus/b3008e59-6246-4c41-a0ce-b9090b4d8f99/data_trans/abn_Y3_train_4096_F_32.csv
Y3,K006CSV,4096,32,0.868447,0.6724,/media/ludusmagnus/b3008e59-6246-4c41-a0ce-b9090b4d8f99/data_trans/nom_Y3_train_4096_F_32.csv,/media/ludusmagnus/b3008e59-6246-4c41-a0ce-b9090b4d8f99/data_trans/abn_Y3_train_4096_F_32.csv
Y3,KA04CSV,4096,32,0.902701,0.617793,/media/ludusmagnus/b3008e59-6246-4c41-a0ce-b9090b4d8f99/data_trans/nom_Y3_train_4096_F_32.csv,/media/ludusmagnus/b3008e59-6246-4c41-a0ce-b9090b4d8f99/data_trans/abn_Y3_train_4096_F_32.csv
Y3,KA15CSV,4096,32,0.64321,0.452246,/media/ludusmagnus/b3008e59-6246-4c41-a0ce-b9090b4d8f99/data_trans/nom_Y3_train_4096_F_32.csv,/media/ludusmagnus/b3008e59-6246-4c41-a0ce-b9090b4d8f99/data_trans/abn_Y3_train_4096_F_32.csv
Y3,KA22CSV,4096,32,0.678598,0.448303,/media/ludusmagnus/b3008e59-6246-4c41-a0ce-b9090b4d8f99/data_trans/nom_Y3_train_4096_F_32.csv,/media/ludusmagnus/b3008e59-6246-4c41-a0ce-b9090b4d8f99/data_trans/abn_Y3_train_4096_F_32.csv
Y3,KA30CSV,4096,32,0.864712,0.497641,/media/ludusmagnus/b3008e59-6246-4c41-a0ce-b9090b4d8f99/data_trans/nom_Y3_train_4096_F_32.csv,/media/ludusmagnus/b3008e59-6246-4c41-a0ce-b9090b4d8f99/data_trans/abn_Y3_train_4096_F_32.csv
Y3,KB23CSV,4096,32,0.810639,0.494178,/media/ludusmagnus/b3008e59-6246-4c41-a0ce-b9090b4d8f99/data_trans/nom_Y3_train_4096_F_32.csv,/media/ludusmagnus/b3008e59-6246-4c41-a0ce-b9090b4d8f99/data_trans/abn_Y3_train_4096_F_32.csv
Y3,KB24CSV,4096,32,0.928544,0.691999,/media/ludusmagnus/b3008e59-6246-4c41-a0ce-b9090b4d8f99/data_trans/nom_Y3_train_4096_F_32.csv,/media/ludusmagnus/b3008e59-6246-4c41-a0ce-b9090b4d8f99/data_trans/abn_Y3_train_4096_F_32.csv
Y3,KB27CSV,4096,32,0.976698,0.916215,/media/ludusmagnus/b3008e59-6246-4c41-a0ce-b9090b4d8f99/data_trans/nom_Y3_train_4096_F_32.csv,/media/ludusmagnus/b3008e59-6246-4c41-a0ce-b9090b4d8f99/data_trans/abn_Y3_train_4096_F_32.csv
Y3,KI04CSV,4096,32,0.891049,0.614882,/media/ludusmagnus/b3008e59-6246-4c41-a0ce-b9090b4d8f99/data_trans/nom_Y3_train_4096_F_32.csv,/media/ludusmagnus/b3008e59-6246-4c41-a0ce-b9090b4d8f99/data_trans/abn_Y3_train_4096_F_32.csv
Y3,KI14CSV,4096,32,0.6541,0.479176,/media/ludusmagnus/b3008e59-6246-4c41-a0ce-b9090b4d8f99/data_trans/nom_Y3_train_4096_F_32.csv,/media/ludusmagnus/b3008e59-6246-4c41-a0ce-b9090b4d8f99/data_trans/abn_Y3_train_4096_F_32.csv
Y3,KI16CSV,4096,32,0.808911,0.484199,/media/ludusmagnus/b3008e59-6246-4c41-a0ce-b9090b4d8f99/data_trans/nom_Y3_train_4096_F_32.csv,/media/ludusmagnus/b3008e59-6246-4c41-a0ce-b9090b4d8f99/data_trans/abn_Y3_train_4096_F_32.csv
Y3,KI17CSV,4096,32,0.861803,0.655587,/media/ludusmagnus/b3008e59-6246-4c41-a0ce-b9090b4d8f99/data_trans/nom_Y3_train_4096_F_32.csv,/media/ludusmagnus/b3008e59-6246-4c41-a0ce-b9090b4d8f99/data_trans/abn_Y3_train_4096_F_32.csv
Y3,KI18CSV,4096,32,0.974492,0.756209,/media/ludusmagnus/b3008e59-6246-4c41-a0ce-b9090b4d8f99/data_trans/nom_Y3_train_4096_F_32.csv,/media/ludusmagnus/b3008e59-6246-4c41-a0ce-b9090b4d8f99/data_trans/abn_Y3_train_4096_F_32.csv
Y3,KI21CSV,4096,32,0.711034,0.425346,/media/ludusmagnus/b3008e59-6246-4c41-a0ce-b9090b4d8f99/data_trans/nom_Y3_train_4096_F_32.csv,/media/ludusmagnus/b3008e59-6246-4c41-a0ce-b9090b4d8f99/data_trans/abn_Y3_train_4096_F_32.csv
Y3,Y-full,1024,64,0.610172,0.446815,/media/ludusmagnus/b3008e59-6246-4c41-a0ce-b9090b4d8f99/data_trans/nom_Y3_train_1024_F_64.csv,/media/ludusmagnus/b3008e59-6246-4c41-a0ce-b9090b4d8f99/data_trans/abn_Y3_train_1024_F_64.csv
Y3,K001CSV,1024,64,0.94169,0.779646,/media/ludusmagnus/b3008e59-6246-4c41-a0ce-b9090b4d8f99/data_trans/nom_Y3_train_1024_F_64.csv,/media/ludusmagnus/b3008e59-6246-4c41-a0ce-b9090b4d8f99/data_trans/abn_Y3_train_1024_F_64.csv
Y3,K002CSV,1024,64,0.839845,0.502883,/media/ludusmagnus/b3008e59-6246-4c41-a0ce-b9090b4d8f99/data_trans/nom_Y3_train_1024_F_64.csv,/media/ludusmagnus/b3008e59-6246-4c41-a0ce-b9090b4d8f99/data_trans/abn_Y3_train_1024_F_64.csv
Y3,K003CSV,1024,64,0.878693,0.654046,/media/ludusmagnus/b3008e59-6246-4c41-a0ce-b9090b4d8f99/data_trans/nom_Y3_train_1024_F_64.csv,/media/ludusmagnus/b3008e59-6246-4c41-a0ce-b9090b4d8f99/data_trans/abn_Y3_train_1024_F_64.csv
Y3,K004CSV,1024,64,0.95883,0.788409,/media/ludusmagnus/b3008e59-6246-4c41-a0ce-b9090b4d8f99/data_trans/nom_Y3_train_1024_F_64.csv,/media/ludusmagnus/b3008e59-6246-4c41-a0ce-b9090b4d8f99/data_trans/abn_Y3_train_1024_F_64.csv
Y3,K005CSV,1024,64,0.821358,0.498645,/media/ludusmagnus/b3008e59-6246-4c41-a0ce-b9090b4d8f99/data_trans/nom_Y3_train_1024_F_64.csv,/media/ludusmagnus/b3008e59-6246-4c41-a0ce-b9090b4d8f99/data_trans/abn_Y3_train_1024_F_64.csv
Y3,K006CSV,1024,64,0.96715,0.817295,/media/ludusmagnus/b3008e59-6246-4c41-a0ce-b9090b4d8f99/data_trans/nom_Y3_train_1024_F_64.csv,/media/ludusmagnus/b3008e59-6246-4c41-a0ce-b9090b4d8f99/data_trans/abn_Y3_train_1024_F_64.csv
Y3,KA04CSV,1024,64,0.760615,0.480557,/media/ludusmagnus/b3008e59-6246-4c41-a0ce-b9090b4d8f99/data_trans/nom_Y3_train_1024_F_64.csv,/media/ludusmagnus/b3008e59-6246-4c41-a0ce-b9090b4d8f99/data_trans/abn_Y3_train_1024_F_64.csv
Y3,KA15CSV,1024,64,0.677541,0.420149,/media/ludusmagnus/b3008e59-6246-4c41-a0ce-b9090b4d8f99/data_trans/nom_Y3_train_1024_F_64.csv,/media/ludusmagnus/b3008e59-6246-4c41-a0ce-b9090b4d8f99/data_trans/abn_Y3_train_1024_F_64.csv
Y3,KA22CSV,1024,64,0.699223,0.483742,/media/ludusmagnus/b3008e59-6246-4c41-a0ce-b9090b4d8f99/data_trans/nom_Y3_train_1024_F_64.csv,/media/ludusmagnus/b3008e59-6246-4c41-a0ce-b9090b4d8f99/data_trans/abn_Y3_train_1024_F_64.csv
Y3,KA30CSV,1024,64,0.731976,0.481074,/media/ludusmagnus/b3008e59-6246-4c41-a0ce-b9090b4d8f99/data_trans/nom_Y3_train_1024_F_64.csv,/media/ludusmagnus/b3008e59-6246-4c41-a0ce-b9090b4d8f99/data_trans/abn_Y3_train_1024_F_64.csv
Y3,KB23CSV,1024,64,0.984534,0.884844,/media/ludusmagnus/b3008e59-6246-4c41-a0ce-b9090b4d8f99/data_trans/nom_Y3_train_1024_F_64.csv,/media/ludusmagnus/b3008e59-6246-4c41-a0ce-b9090b4d8f99/data_trans/abn_Y3_train_1024_F_64.csv
Y3,KB24CSV,1024,64,0.95471,0.823627,/media/ludusmagnus/b3008e59-6246-4c41-a0ce-b9090b4d8f99/data_trans/nom_Y3_train_1024_F_64.csv,/media/ludusmagnus/b3008e59-6246-4c41-a0ce-b9090b4d8f99/data_trans/abn_Y3_train_1024_F_64.csv
Y3,KB27CSV,1024,64,0.999455,0.919499,/media/ludusmagnus/b3008e59-6246-4c41-a0ce-b9090b4d8f99/data_trans/nom_Y3_train_1024_F_64.csv,/media/ludusmagnus/b3008e59-6246-4c41-a0ce-b9090b4d8f99/data_trans/abn_Y3_train_1024_F_64.csv
Y3,KI04CSV,1024,64,0.754547,0.481616,/media/ludusmagnus/b3008e59-6246-4c41-a0ce-b9090b4d8f99/data_trans/nom_Y3_train_1024_F_64.csv,/media/ludusmagnus/b3008e59-6246-4c41-a0ce-b9090b4d8f99/data_trans/abn_Y3_train_1024_F_64.csv
Y3,KI14CSV,1024,64,0.624035,0.418609,/media/ludusmagnus/b3008e59-6246-4c41-a0ce-b9090b4d8f99/data_trans/nom_Y3_train_1024_F_64.csv,/media/ludusmagnus/b3008e59-6246-4c41-a0ce-b9090b4d8f99/data_trans/abn_Y3_train_1024_F_64.csv
Y3,KI16CSV,1024,64,0.61912,0.410262,/media/ludusmagnus/b3008e59-6246-4c41-a0ce-b9090b4d8f99/data_trans/nom_Y3_train_1024_F_64.csv,/media/ludusmagnus/b3008e59-6246-4c41-a0ce-b9090b4d8f99/data_trans/abn_Y3_train_1024_F_64.csv
Y3,KI17CSV,1024,64,0.796656,0.471749,/media/ludusmagnus/b3008e59-6246-4c41-a0ce-b9090b4d8f99/data_trans/nom_Y3_train_1024_F_64.csv,/media/ludusmagnus/b3008e59-6246-4c41-a0ce-b9090b4d8f99/data_trans/abn_Y3_train_1024_F_64.csv
